pano27, West Front
pano28, East Front & Piazza
pano31, New Room
pano30, West Parlor
pano23, Little Parlor
pano24, Central Passage
pano50, Old Chamber
pano22, Dining Room
pano33, Study
pano52, Second Floor Passage
pano29, Blue Room
pano26, Lafayette Room
pano29586, Chintz Room
pano20, Yellow Room
pano32, Washington Bedchamber
pano18, Garret Bedchamber
pano21, Cupola Interior
pano19, Cellar
pano7006, Kitchen
pano29591, Servant's Hall
pano7028, Smokehouse
pano20544, Storehouse
pano29587, Gardener's House
pano29590, Salt House
pano20540, Spinning Room
pano7008, Blacksmith Shop
pano20542, Overseer's Quarters
pano7036, Men's Slave Quarters
pano7038, Women's Slave Quarters
pano29592, Slave Cabin Yard
pano7042, Slave Cabin
pano7040, 16-sided Barn
pano7026, Stable
pano7014, Bowling Green
pano7010, Upper Garden
pano88, North Lane
pano90, South Lane
pano7012, Lower Garden
pano86, Fruit Garden & Nursery
pano94, Old Tomb
pano96, New Tomb
pano98, Slave Memorial
pano102, Potomac Wharf
pano100, Pioneer Farm
pano92, Animal Pens
pano104, West Gate
pano29588, Necessary
pano58, Outside View
pano106, Gristmill First Floor
pano108, Gristmill Second Floor
pano110, Gristmill Third Floor
pano112, Gristmill Fourth Floor
pano114, The Distillery
pano149, Library Front
pano151, Reading Room
pano153, Document Room
pano155, Rare Books Suite
pano157, Reception Hall
pano159, Leadership Hall
pano161, Library Rear
